{
    "mae": 25.04964539007092,
    "rmse": 42.00303940370192,
    "accuracy_percentage": 56.02836879432624,
    "mean_pct_error": 24.583267749027794,
    "std_pct_error": 27.476446873229904,
    "max_error": 91.0,
    "min_error": 0.0
}